account_id,account_name,location,potential_revenue,technology_needs_text
account_0,Account 0 Inc.,EMEA,716703,Seeking expertise in CRM Solutions. 
account_1,Account 1 Inc.,LATAM,1641393,Seeking expertise in DevOps. Also interested in solutions for Cybersecurity. Key project involves digital transformation and infrastructure upgrade.
account_2,Account 2 Inc.,LATAM,180566,"Seeking expertise in ERP Systems. Also interested in solutions for Cybersecurity, IoT. "
account_3,Account 3 Inc.,North America,1067941,Seeking expertise in Data Analytics. Also interested in solutions for Cloud Computing. Key project involves digital transformation and infrastructure upgrade.
account_4,Account 4 Inc.,EMEA,1513194,Seeking expertise in DevOps. 
account_5,Account 5 Inc.,North America,1936241,"Seeking expertise in Cloud Computing. Also interested in solutions for Data Analytics, DevOps, ERP Systems. "
account_6,Account 6 Inc.,LATAM,505577,"Seeking expertise in Cybersecurity. Also interested in solutions for CRM Solutions, AI/ML, DevOps. Key project involves digital transformation and infrastructure upgrade."
account_7,Account 7 Inc.,EMEA,795359,"Seeking expertise in DevOps. Also interested in solutions for AI/ML, Cybersecurity. "
account_8,Account 8 Inc.,LATAM,270471,Seeking expertise in ERP Systems. 
account_9,Account 9 Inc.,EMEA,625975,Seeking expertise in AI/ML. Also interested in solutions for Data Analytics. Key project involves digital transformation and infrastructure upgrade.
account_10,Account 10 Inc.,EMEA,1692518,Seeking expertise in Cloud Computing. Key project involves digital transformation and infrastructure upgrade.
account_11,Account 11 Inc.,LATAM,1876488,"Seeking expertise in Cloud Computing. Also interested in solutions for Data Analytics, DevOps, CRM Solutions. "
account_12,Account 12 Inc.,North America,944569,Seeking expertise in CRM Solutions. Also interested in solutions for Cloud Computing. 
account_13,Account 13 Inc.,LATAM,1509786,"Seeking expertise in AI/ML. Also interested in solutions for DevOps, ERP Systems. Key project involves digital transformation and infrastructure upgrade."
account_14,Account 14 Inc.,APAC,920477,"Seeking expertise in Cloud Computing. Also interested in solutions for Data Analytics, Cybersecurity, CRM Solutions. Key project involves digital transformation and infrastructure upgrade."
account_15,Account 15 Inc.,APAC,658174,Seeking expertise in Data Analytics. Also interested in solutions for IoT. Key project involves digital transformation and infrastructure upgrade.
account_16,Account 16 Inc.,APAC,455603,Seeking expertise in AI/ML. 
account_17,Account 17 Inc.,APAC,417690,"Seeking expertise in DevOps. Also interested in solutions for AI/ML, ERP Systems. Key project involves digital transformation and infrastructure upgrade."
account_18,Account 18 Inc.,LATAM,804775,"Seeking expertise in DevOps. Also interested in solutions for Data Analytics, ERP Systems. "
account_19,Account 19 Inc.,EMEA,1436690,"Seeking expertise in Cloud Computing. Also interested in solutions for Data Analytics, DevOps. "
account_20,Account 20 Inc.,LATAM,1661754,"Seeking expertise in CRM Solutions. Also interested in solutions for ERP Systems, AI/ML. Key project involves digital transformation and infrastructure upgrade."
account_21,Account 21 Inc.,LATAM,134254,Seeking expertise in CRM Solutions. Also interested in solutions for DevOps. 
account_22,Account 22 Inc.,North America,531064,"Seeking expertise in DevOps. Also interested in solutions for AI/ML, Cloud Computing. "
account_23,Account 23 Inc.,APAC,593758,"Seeking expertise in DevOps. Also interested in solutions for ERP Systems, AI/ML. Key project involves digital transformation and infrastructure upgrade."
account_24,Account 24 Inc.,EMEA,1821795,Seeking expertise in Cybersecurity. 
account_25,Account 25 Inc.,EMEA,1564163,Seeking expertise in AI/ML. Also interested in solutions for Cybersecurity. Key project involves digital transformation and infrastructure upgrade.
account_26,Account 26 Inc.,EMEA,1991923,"Seeking expertise in DevOps. Also interested in solutions for AI/ML, Data Analytics. "
account_27,Account 27 Inc.,LATAM,363222,"Seeking expertise in Cloud Computing. Also interested in solutions for AI/ML, ERP Systems, DevOps. Key project involves digital transformation and infrastructure upgrade."
account_28,Account 28 Inc.,EMEA,1383718,"Seeking expertise in ERP Systems. Also interested in solutions for CRM Solutions, Cybersecurity. Key project involves digital transformation and infrastructure upgrade."
account_29,Account 29 Inc.,EMEA,207950,Seeking expertise in IoT. 
account_30,Account 30 Inc.,EMEA,244597,Seeking expertise in Data Analytics. Also interested in solutions for IoT. Key project involves digital transformation and infrastructure upgrade.
account_31,Account 31 Inc.,APAC,1966554,"Seeking expertise in CRM Solutions. Also interested in solutions for Data Analytics, ERP Systems, IoT. "
account_32,Account 32 Inc.,APAC,346941,"Seeking expertise in DevOps. Also interested in solutions for Cybersecurity, AI/ML. "
account_33,Account 33 Inc.,North America,896060,"Seeking expertise in AI/ML. Also interested in solutions for Cloud Computing, DevOps. "
account_34,Account 34 Inc.,APAC,273990,Seeking expertise in ERP Systems. 
account_35,Account 35 Inc.,North America,1828035,"Seeking expertise in Data Analytics. Also interested in solutions for ERP Systems, Cloud Computing, Cybersecurity. "
account_36,Account 36 Inc.,LATAM,1075397,Seeking expertise in Cybersecurity. Also interested in solutions for Data Analytics. Key project involves digital transformation and infrastructure upgrade.
account_37,Account 37 Inc.,APAC,1823823,Seeking expertise in ERP Systems. Key project involves digital transformation and infrastructure upgrade.
account_38,Account 38 Inc.,North America,1589539,Seeking expertise in AI/ML. Also interested in solutions for Data Analytics. Key project involves digital transformation and infrastructure upgrade.
account_39,Account 39 Inc.,EMEA,1879758,Seeking expertise in IoT. Key project involves digital transformation and infrastructure upgrade.
account_40,Account 40 Inc.,North America,857239,"Seeking expertise in CRM Solutions. Also interested in solutions for DevOps, Cybersecurity. "
account_41,Account 41 Inc.,North America,239227,Seeking expertise in Cloud Computing. Key project involves digital transformation and infrastructure upgrade.
account_42,Account 42 Inc.,APAC,338715,Seeking expertise in CRM Solutions. Key project involves digital transformation and infrastructure upgrade.
account_43,Account 43 Inc.,North America,421947,Seeking expertise in AI/ML. Also interested in solutions for CRM Solutions. Key project involves digital transformation and infrastructure upgrade.
account_44,Account 44 Inc.,EMEA,991231,"Seeking expertise in IoT. Also interested in solutions for Data Analytics, ERP Systems. "
account_45,Account 45 Inc.,North America,1240663,Seeking expertise in ERP Systems. Key project involves digital transformation and infrastructure upgrade.
account_46,Account 46 Inc.,LATAM,1237485,"Seeking expertise in IoT. Also interested in solutions for ERP Systems, Cloud Computing, AI/ML. Key project involves digital transformation and infrastructure upgrade."
account_47,Account 47 Inc.,North America,741039,Seeking expertise in Cloud Computing. Also interested in solutions for DevOps. Key project involves digital transformation and infrastructure upgrade.
account_48,Account 48 Inc.,North America,1168534,Seeking expertise in CRM Solutions. Also interested in solutions for Cloud Computing. 
account_49,Account 49 Inc.,EMEA,416233,"Seeking expertise in AI/ML. Also interested in solutions for CRM Solutions, Data Analytics, Cybersecurity. "
account_50,Account 50 Inc.,APAC,1052894,"Seeking expertise in DevOps. Also interested in solutions for AI/ML, Cloud Computing. "
account_51,Account 51 Inc.,North America,1687662,Seeking expertise in Cybersecurity. 
account_52,Account 52 Inc.,APAC,1685867,"Seeking expertise in ERP Systems. Also interested in solutions for Data Analytics, Cybersecurity. "
account_53,Account 53 Inc.,North America,1484902,"Seeking expertise in DevOps. Also interested in solutions for Data Analytics, Cybersecurity. "
account_54,Account 54 Inc.,APAC,1947841,Seeking expertise in Cloud Computing. Key project involves digital transformation and infrastructure upgrade.
account_55,Account 55 Inc.,APAC,241590,Seeking expertise in Cloud Computing. 
account_56,Account 56 Inc.,LATAM,924544,Seeking expertise in DevOps. Also interested in solutions for Cloud Computing. 
account_57,Account 57 Inc.,LATAM,247214,Seeking expertise in Data Analytics. 
account_58,Account 58 Inc.,North America,414610,"Seeking expertise in CRM Solutions. Also interested in solutions for Cloud Computing, AI/ML, DevOps. "
account_59,Account 59 Inc.,APAC,897793,"Seeking expertise in CRM Solutions. Also interested in solutions for Cybersecurity, Data Analytics, DevOps. Key project involves digital transformation and infrastructure upgrade."
account_60,Account 60 Inc.,North America,1289816,"Seeking expertise in DevOps. Also interested in solutions for CRM Solutions, AI/ML, Cybersecurity. Key project involves digital transformation and infrastructure upgrade."
account_61,Account 61 Inc.,North America,1238034,Seeking expertise in DevOps. Key project involves digital transformation and infrastructure upgrade.
account_62,Account 62 Inc.,North America,807040,"Seeking expertise in Cybersecurity. Also interested in solutions for IoT, ERP Systems. Key project involves digital transformation and infrastructure upgrade."
account_63,Account 63 Inc.,EMEA,1479516,"Seeking expertise in Cloud Computing. Also interested in solutions for DevOps, CRM Solutions. "
account_64,Account 64 Inc.,EMEA,239728,"Seeking expertise in IoT. Also interested in solutions for DevOps, ERP Systems, Cybersecurity. "
account_65,Account 65 Inc.,North America,1283361,"Seeking expertise in CRM Solutions. Also interested in solutions for Cloud Computing, ERP Systems, AI/ML. Key project involves digital transformation and infrastructure upgrade."
account_66,Account 66 Inc.,APAC,126418,Seeking expertise in Cybersecurity. 
account_67,Account 67 Inc.,North America,1642817,"Seeking expertise in IoT. Also interested in solutions for CRM Solutions, Data Analytics. Key project involves digital transformation and infrastructure upgrade."
account_68,Account 68 Inc.,EMEA,117822,"Seeking expertise in ERP Systems. Also interested in solutions for Cloud Computing, Data Analytics, IoT. Key project involves digital transformation and infrastructure upgrade."
account_69,Account 69 Inc.,LATAM,1823258,"Seeking expertise in AI/ML. Also interested in solutions for Data Analytics, Cybersecurity, CRM Solutions. Key project involves digital transformation and infrastructure upgrade."
account_70,Account 70 Inc.,North America,1817010,Seeking expertise in IoT. Also interested in solutions for ERP Systems. 
account_71,Account 71 Inc.,North America,1654536,"Seeking expertise in DevOps. Also interested in solutions for ERP Systems, CRM Solutions, Cybersecurity. Key project involves digital transformation and infrastructure upgrade."
account_72,Account 72 Inc.,LATAM,1734806,Seeking expertise in ERP Systems. 
account_73,Account 73 Inc.,EMEA,1899042,Seeking expertise in ERP Systems. Also interested in solutions for Data Analytics. 
account_74,Account 74 Inc.,APAC,1789356,"Seeking expertise in Data Analytics. Also interested in solutions for Cybersecurity, IoT, AI/ML. Key project involves digital transformation and infrastructure upgrade."
account_75,Account 75 Inc.,EMEA,864415,"Seeking expertise in IoT. Also interested in solutions for Data Analytics, AI/ML. Key project involves digital transformation and infrastructure upgrade."
account_76,Account 76 Inc.,EMEA,182982,"Seeking expertise in AI/ML. Also interested in solutions for DevOps, Data Analytics, CRM Solutions. Key project involves digital transformation and infrastructure upgrade."
account_77,Account 77 Inc.,LATAM,290061,"Seeking expertise in Cloud Computing. Also interested in solutions for Cybersecurity, ERP Systems, IoT. Key project involves digital transformation and infrastructure upgrade."
account_78,Account 78 Inc.,EMEA,1930664,"Seeking expertise in IoT. Also interested in solutions for AI/ML, Cybersecurity. Key project involves digital transformation and infrastructure upgrade."
account_79,Account 79 Inc.,LATAM,131348,"Seeking expertise in AI/ML. Also interested in solutions for DevOps, CRM Solutions. Key project involves digital transformation and infrastructure upgrade."
account_80,Account 80 Inc.,APAC,758461,"Seeking expertise in IoT. Also interested in solutions for AI/ML, ERP Systems. "
account_81,Account 81 Inc.,EMEA,1178033,Seeking expertise in ERP Systems. Key project involves digital transformation and infrastructure upgrade.
account_82,Account 82 Inc.,LATAM,1041921,"Seeking expertise in Cloud Computing. Also interested in solutions for DevOps, Data Analytics, IoT. "
account_83,Account 83 Inc.,APAC,403894,Seeking expertise in CRM Solutions. Also interested in solutions for Cybersecurity. 
account_84,Account 84 Inc.,LATAM,216905,Seeking expertise in Cloud Computing. Also interested in solutions for DevOps. Key project involves digital transformation and infrastructure upgrade.
account_85,Account 85 Inc.,LATAM,1627117,"Seeking expertise in IoT. Also interested in solutions for ERP Systems, Data Analytics. Key project involves digital transformation and infrastructure upgrade."
account_86,Account 86 Inc.,LATAM,1056158,Seeking expertise in Data Analytics. Also interested in solutions for AI/ML. Key project involves digital transformation and infrastructure upgrade.
account_87,Account 87 Inc.,APAC,1297123,Seeking expertise in Data Analytics. Also interested in solutions for IoT. 
account_88,Account 88 Inc.,EMEA,1992548,"Seeking expertise in Cybersecurity. Also interested in solutions for ERP Systems, IoT, CRM Solutions. "
account_89,Account 89 Inc.,LATAM,871019,"Seeking expertise in AI/ML. Also interested in solutions for Cloud Computing, DevOps. Key project involves digital transformation and infrastructure upgrade."
account_90,Account 90 Inc.,North America,166188,"Seeking expertise in DevOps. Also interested in solutions for ERP Systems, Cloud Computing, Data Analytics. Key project involves digital transformation and infrastructure upgrade."
account_91,Account 91 Inc.,APAC,306036,"Seeking expertise in ERP Systems. Also interested in solutions for Data Analytics, AI/ML, IoT. Key project involves digital transformation and infrastructure upgrade."
account_92,Account 92 Inc.,LATAM,1921285,"Seeking expertise in Data Analytics. Also interested in solutions for AI/ML, IoT, Cloud Computing. "
account_93,Account 93 Inc.,APAC,1191730,Seeking expertise in Data Analytics. Key project involves digital transformation and infrastructure upgrade.
account_94,Account 94 Inc.,North America,1913985,"Seeking expertise in Data Analytics. Also interested in solutions for DevOps, AI/ML. Key project involves digital transformation and infrastructure upgrade."
account_95,Account 95 Inc.,APAC,1341005,Seeking expertise in Data Analytics. Also interested in solutions for IoT. Key project involves digital transformation and infrastructure upgrade.
account_96,Account 96 Inc.,LATAM,1643460,Seeking expertise in CRM Solutions. Also interested in solutions for Cybersecurity. 
account_97,Account 97 Inc.,APAC,828397,"Seeking expertise in Cloud Computing. Also interested in solutions for Cybersecurity, DevOps. "
account_98,Account 98 Inc.,APAC,1299217,"Seeking expertise in Cybersecurity. Also interested in solutions for IoT, DevOps. Key project involves digital transformation and infrastructure upgrade."
account_99,Account 99 Inc.,LATAM,816443,"Seeking expertise in IoT. Also interested in solutions for AI/ML, Data Analytics. "
account_100,Account 100 Inc.,LATAM,1462746,Seeking expertise in Cybersecurity. Key project involves digital transformation and infrastructure upgrade.
account_101,Account 101 Inc.,LATAM,655700,Seeking expertise in ERP Systems. Also interested in solutions for CRM Solutions. 
account_102,Account 102 Inc.,LATAM,1515659,Seeking expertise in AI/ML. Also interested in solutions for Cloud Computing. 
account_103,Account 103 Inc.,North America,478949,Seeking expertise in CRM Solutions. Also interested in solutions for IoT. 
account_104,Account 104 Inc.,LATAM,1357098,"Seeking expertise in AI/ML. Also interested in solutions for CRM Solutions, Data Analytics. "
account_105,Account 105 Inc.,APAC,1595042,"Seeking expertise in DevOps. Also interested in solutions for Cloud Computing, AI/ML. Key project involves digital transformation and infrastructure upgrade."
account_106,Account 106 Inc.,LATAM,1318815,"Seeking expertise in ERP Systems. Also interested in solutions for AI/ML, IoT. Key project involves digital transformation and infrastructure upgrade."
account_107,Account 107 Inc.,APAC,729820,Seeking expertise in ERP Systems. Also interested in solutions for Cloud Computing. 
account_108,Account 108 Inc.,North America,1660376,"Seeking expertise in ERP Systems. Also interested in solutions for Data Analytics, Cybersecurity, IoT. Key project involves digital transformation and infrastructure upgrade."
account_109,Account 109 Inc.,APAC,792293,Seeking expertise in Data Analytics. 
account_110,Account 110 Inc.,EMEA,279566,Seeking expertise in AI/ML. Key project involves digital transformation and infrastructure upgrade.
account_111,Account 111 Inc.,LATAM,775480,"Seeking expertise in IoT. Also interested in solutions for ERP Systems, AI/ML, DevOps. "
account_112,Account 112 Inc.,EMEA,469819,"Seeking expertise in Cloud Computing. Also interested in solutions for DevOps, CRM Solutions. Key project involves digital transformation and infrastructure upgrade."
account_113,Account 113 Inc.,EMEA,833471,Seeking expertise in ERP Systems. 
account_114,Account 114 Inc.,LATAM,1222873,Seeking expertise in Data Analytics. Also interested in solutions for Cybersecurity. Key project involves digital transformation and infrastructure upgrade.
account_115,Account 115 Inc.,EMEA,1061157,Seeking expertise in Cloud Computing. Also interested in solutions for CRM Solutions. 
account_116,Account 116 Inc.,North America,1815714,Seeking expertise in DevOps. 
account_117,Account 117 Inc.,EMEA,618725,Seeking expertise in Cybersecurity. 
account_118,Account 118 Inc.,North America,805956,Seeking expertise in DevOps. Key project involves digital transformation and infrastructure upgrade.
account_119,Account 119 Inc.,APAC,783947,Seeking expertise in Data Analytics. Also interested in solutions for Cybersecurity. Key project involves digital transformation and infrastructure upgrade.
account_120,Account 120 Inc.,APAC,1613144,"Seeking expertise in AI/ML. Also interested in solutions for IoT, CRM Solutions, DevOps. "
account_121,Account 121 Inc.,EMEA,1741134,"Seeking expertise in Cybersecurity. Also interested in solutions for AI/ML, CRM Solutions, Data Analytics. Key project involves digital transformation and infrastructure upgrade."
account_122,Account 122 Inc.,APAC,1991405,Seeking expertise in Cloud Computing. Key project involves digital transformation and infrastructure upgrade.
account_123,Account 123 Inc.,LATAM,1543669,"Seeking expertise in AI/ML. Also interested in solutions for CRM Solutions, ERP Systems, Cloud Computing. Key project involves digital transformation and infrastructure upgrade."
account_124,Account 124 Inc.,APAC,757940,"Seeking expertise in IoT. Also interested in solutions for ERP Systems, Data Analytics, Cybersecurity. Key project involves digital transformation and infrastructure upgrade."
account_125,Account 125 Inc.,LATAM,1202947,Seeking expertise in Cloud Computing. Also interested in solutions for Cybersecurity. Key project involves digital transformation and infrastructure upgrade.
account_126,Account 126 Inc.,LATAM,608254,Seeking expertise in Data Analytics. Also interested in solutions for DevOps. 
account_127,Account 127 Inc.,LATAM,1756282,"Seeking expertise in DevOps. Also interested in solutions for Cybersecurity, Data Analytics, ERP Systems. Key project involves digital transformation and infrastructure upgrade."
account_128,Account 128 Inc.,North America,930524,"Seeking expertise in DevOps. Also interested in solutions for ERP Systems, CRM Solutions. Key project involves digital transformation and infrastructure upgrade."
account_129,Account 129 Inc.,North America,533546,"Seeking expertise in IoT. Also interested in solutions for AI/ML, Data Analytics, CRM Solutions. Key project involves digital transformation and infrastructure upgrade."
account_130,Account 130 Inc.,EMEA,1435273,Seeking expertise in CRM Solutions. 
account_131,Account 131 Inc.,LATAM,550352,Seeking expertise in DevOps. Also interested in solutions for Cloud Computing. Key project involves digital transformation and infrastructure upgrade.
account_132,Account 132 Inc.,North America,1317750,Seeking expertise in IoT. Key project involves digital transformation and infrastructure upgrade.
account_133,Account 133 Inc.,EMEA,136161,"Seeking expertise in ERP Systems. Also interested in solutions for Cloud Computing, IoT, Cybersecurity. Key project involves digital transformation and infrastructure upgrade."
account_134,Account 134 Inc.,LATAM,920809,"Seeking expertise in Cloud Computing. Also interested in solutions for CRM Solutions, ERP Systems, DevOps. "
account_135,Account 135 Inc.,EMEA,969695,"Seeking expertise in DevOps. Also interested in solutions for AI/ML, IoT. "
account_136,Account 136 Inc.,EMEA,780485,Seeking expertise in Data Analytics. Also interested in solutions for IoT. 
account_137,Account 137 Inc.,EMEA,182976,Seeking expertise in Cybersecurity. Key project involves digital transformation and infrastructure upgrade.
account_138,Account 138 Inc.,North America,1236998,Seeking expertise in Cloud Computing. 
account_139,Account 139 Inc.,EMEA,1336173,Seeking expertise in AI/ML. 
account_140,Account 140 Inc.,North America,474495,Seeking expertise in DevOps. 
account_141,Account 141 Inc.,North America,981128,"Seeking expertise in ERP Systems. Also interested in solutions for Cloud Computing, AI/ML. "
account_142,Account 142 Inc.,North America,1520095,Seeking expertise in Data Analytics. Key project involves digital transformation and infrastructure upgrade.
account_143,Account 143 Inc.,LATAM,1307142,Seeking expertise in DevOps. 
account_144,Account 144 Inc.,LATAM,1061528,Seeking expertise in Cybersecurity. Key project involves digital transformation and infrastructure upgrade.
account_145,Account 145 Inc.,North America,404508,"Seeking expertise in AI/ML. Also interested in solutions for Cloud Computing, Cybersecurity, Data Analytics. "
account_146,Account 146 Inc.,EMEA,687848,"Seeking expertise in Cybersecurity. Also interested in solutions for ERP Systems, Data Analytics, CRM Solutions. "
account_147,Account 147 Inc.,EMEA,1840767,"Seeking expertise in ERP Systems. Also interested in solutions for Cybersecurity, DevOps. "
account_148,Account 148 Inc.,North America,1908252,"Seeking expertise in DevOps. Also interested in solutions for Cloud Computing, Cybersecurity, AI/ML. "
account_149,Account 149 Inc.,LATAM,695104,Seeking expertise in DevOps. Key project involves digital transformation and infrastructure upgrade.
account_150,Account 150 Inc.,LATAM,1068762,"Seeking expertise in ERP Systems. Also interested in solutions for DevOps, AI/ML. Key project involves digital transformation and infrastructure upgrade."
account_151,Account 151 Inc.,EMEA,1021929,"Seeking expertise in Data Analytics. Also interested in solutions for IoT, Cybersecurity, ERP Systems. "
account_152,Account 152 Inc.,North America,1736333,"Seeking expertise in Cybersecurity. Also interested in solutions for Cloud Computing, ERP Systems, IoT. "
account_153,Account 153 Inc.,North America,1685348,"Seeking expertise in IoT. Also interested in solutions for CRM Solutions, Data Analytics, ERP Systems. Key project involves digital transformation and infrastructure upgrade."
account_154,Account 154 Inc.,North America,1021777,"Seeking expertise in Cloud Computing. Also interested in solutions for IoT, Cybersecurity. Key project involves digital transformation and infrastructure upgrade."
account_155,Account 155 Inc.,APAC,1804886,"Seeking expertise in AI/ML. Also interested in solutions for ERP Systems, Cloud Computing, IoT. Key project involves digital transformation and infrastructure upgrade."
account_156,Account 156 Inc.,EMEA,1074425,"Seeking expertise in CRM Solutions. Also interested in solutions for Cloud Computing, DevOps. "
account_157,Account 157 Inc.,LATAM,901939,"Seeking expertise in DevOps. Also interested in solutions for ERP Systems, AI/ML, Cybersecurity. "
account_158,Account 158 Inc.,APAC,1440422,"Seeking expertise in Cloud Computing. Also interested in solutions for ERP Systems, AI/ML. Key project involves digital transformation and infrastructure upgrade."
account_159,Account 159 Inc.,APAC,1876314,Seeking expertise in Cybersecurity. Also interested in solutions for IoT. 
account_160,Account 160 Inc.,APAC,988146,Seeking expertise in AI/ML. 
account_161,Account 161 Inc.,EMEA,1883898,"Seeking expertise in IoT. Also interested in solutions for Cybersecurity, CRM Solutions, AI/ML. Key project involves digital transformation and infrastructure upgrade."
account_162,Account 162 Inc.,EMEA,593572,"Seeking expertise in ERP Systems. Also interested in solutions for AI/ML, CRM Solutions, DevOps. "
account_163,Account 163 Inc.,North America,1197880,"Seeking expertise in Data Analytics. Also interested in solutions for CRM Solutions, ERP Systems. Key project involves digital transformation and infrastructure upgrade."
account_164,Account 164 Inc.,North America,807059,"Seeking expertise in AI/ML. Also interested in solutions for CRM Solutions, Data Analytics. "
account_165,Account 165 Inc.,North America,1344682,Seeking expertise in Data Analytics. Also interested in solutions for DevOps. Key project involves digital transformation and infrastructure upgrade.
account_166,Account 166 Inc.,EMEA,1007330,Seeking expertise in AI/ML. Also interested in solutions for DevOps. Key project involves digital transformation and infrastructure upgrade.
account_167,Account 167 Inc.,EMEA,1528365,Seeking expertise in Cybersecurity. Also interested in solutions for Cloud Computing. 
account_168,Account 168 Inc.,EMEA,358048,"Seeking expertise in ERP Systems. Also interested in solutions for CRM Solutions, IoT, DevOps. "
account_169,Account 169 Inc.,EMEA,309393,Seeking expertise in DevOps. 
account_170,Account 170 Inc.,APAC,1843731,"Seeking expertise in Cybersecurity. Also interested in solutions for DevOps, Cloud Computing. "
account_171,Account 171 Inc.,LATAM,750162,Seeking expertise in DevOps. Key project involves digital transformation and infrastructure upgrade.
account_172,Account 172 Inc.,LATAM,1269292,"Seeking expertise in Cloud Computing. Also interested in solutions for DevOps, AI/ML, Cybersecurity. Key project involves digital transformation and infrastructure upgrade."
account_173,Account 173 Inc.,EMEA,1675929,"Seeking expertise in Cybersecurity. Also interested in solutions for CRM Solutions, Data Analytics, Cloud Computing. "
account_174,Account 174 Inc.,EMEA,1033290,"Seeking expertise in IoT. Also interested in solutions for DevOps, Cybersecurity. Key project involves digital transformation and infrastructure upgrade."
account_175,Account 175 Inc.,EMEA,231549,Seeking expertise in DevOps. Also interested in solutions for Data Analytics. Key project involves digital transformation and infrastructure upgrade.
account_176,Account 176 Inc.,EMEA,1654480,Seeking expertise in ERP Systems. Also interested in solutions for Cloud Computing. Key project involves digital transformation and infrastructure upgrade.
account_177,Account 177 Inc.,LATAM,1887940,"Seeking expertise in Cybersecurity. Also interested in solutions for Cloud Computing, AI/ML. "
account_178,Account 178 Inc.,North America,961941,Seeking expertise in CRM Solutions. Also interested in solutions for ERP Systems. Key project involves digital transformation and infrastructure upgrade.
account_179,Account 179 Inc.,LATAM,1613654,Seeking expertise in ERP Systems. Also interested in solutions for IoT. 
account_180,Account 180 Inc.,EMEA,1417543,Seeking expertise in IoT. Also interested in solutions for Cybersecurity. Key project involves digital transformation and infrastructure upgrade.
account_181,Account 181 Inc.,EMEA,261329,Seeking expertise in DevOps. Also interested in solutions for Data Analytics. Key project involves digital transformation and infrastructure upgrade.
account_182,Account 182 Inc.,LATAM,1300746,"Seeking expertise in AI/ML. Also interested in solutions for Cybersecurity, Cloud Computing, IoT. "
account_183,Account 183 Inc.,North America,859358,"Seeking expertise in Cybersecurity. Also interested in solutions for Data Analytics, ERP Systems. Key project involves digital transformation and infrastructure upgrade."
account_184,Account 184 Inc.,EMEA,1662923,"Seeking expertise in AI/ML. Also interested in solutions for Cloud Computing, CRM Solutions. Key project involves digital transformation and infrastructure upgrade."
account_185,Account 185 Inc.,APAC,1210831,"Seeking expertise in Data Analytics. Also interested in solutions for IoT, CRM Solutions. Key project involves digital transformation and infrastructure upgrade."
account_186,Account 186 Inc.,EMEA,1375971,"Seeking expertise in Cybersecurity. Also interested in solutions for Data Analytics, IoT. "
account_187,Account 187 Inc.,North America,680306,"Seeking expertise in IoT. Also interested in solutions for CRM Solutions, Data Analytics, Cybersecurity. Key project involves digital transformation and infrastructure upgrade."
account_188,Account 188 Inc.,LATAM,833530,"Seeking expertise in DevOps. Also interested in solutions for Data Analytics, CRM Solutions, Cybersecurity. Key project involves digital transformation and infrastructure upgrade."
account_189,Account 189 Inc.,North America,1144732,Seeking expertise in DevOps. 
account_190,Account 190 Inc.,LATAM,472243,"Seeking expertise in DevOps. Also interested in solutions for CRM Solutions, IoT, Data Analytics. Key project involves digital transformation and infrastructure upgrade."
account_191,Account 191 Inc.,LATAM,295978,"Seeking expertise in CRM Solutions. Also interested in solutions for ERP Systems, AI/ML. Key project involves digital transformation and infrastructure upgrade."
account_192,Account 192 Inc.,APAC,799342,Seeking expertise in Data Analytics. 
account_193,Account 193 Inc.,LATAM,1808042,"Seeking expertise in AI/ML. Also interested in solutions for ERP Systems, IoT. Key project involves digital transformation and infrastructure upgrade."
account_194,Account 194 Inc.,LATAM,1307264,"Seeking expertise in Data Analytics. Also interested in solutions for Cybersecurity, AI/ML. "
account_195,Account 195 Inc.,APAC,945724,"Seeking expertise in CRM Solutions. Also interested in solutions for DevOps, Cybersecurity, AI/ML. Key project involves digital transformation and infrastructure upgrade."
account_196,Account 196 Inc.,APAC,844465,"Seeking expertise in Cybersecurity. Also interested in solutions for Cloud Computing, ERP Systems, AI/ML. "
account_197,Account 197 Inc.,North America,892432,"Seeking expertise in Cybersecurity. Also interested in solutions for DevOps, CRM Solutions. Key project involves digital transformation and infrastructure upgrade."
account_198,Account 198 Inc.,North America,1179862,Seeking expertise in CRM Solutions. 
account_199,Account 199 Inc.,North America,586924,"Seeking expertise in AI/ML. Also interested in solutions for CRM Solutions, Data Analytics. Key project involves digital transformation and infrastructure upgrade."
account_200,Account 200 Inc.,North America,1926319,Seeking expertise in Cybersecurity. Also interested in solutions for DevOps. 
account_201,Account 201 Inc.,APAC,1454071,Seeking expertise in CRM Solutions. Also interested in solutions for IoT. Key project involves digital transformation and infrastructure upgrade.
account_202,Account 202 Inc.,North America,1850710,"Seeking expertise in Cloud Computing. Also interested in solutions for IoT, CRM Solutions, Data Analytics. Key project involves digital transformation and infrastructure upgrade."
account_203,Account 203 Inc.,North America,175034,Seeking expertise in AI/ML. Key project involves digital transformation and infrastructure upgrade.
account_204,Account 204 Inc.,North America,864577,Seeking expertise in AI/ML. Key project involves digital transformation and infrastructure upgrade.
account_205,Account 205 Inc.,APAC,1840933,Seeking expertise in Data Analytics. Key project involves digital transformation and infrastructure upgrade.
account_206,Account 206 Inc.,EMEA,613139,Seeking expertise in DevOps. Key project involves digital transformation and infrastructure upgrade.
account_207,Account 207 Inc.,LATAM,1044235,Seeking expertise in Cloud Computing. Also interested in solutions for Data Analytics. Key project involves digital transformation and infrastructure upgrade.
account_208,Account 208 Inc.,APAC,997274,Seeking expertise in IoT. Key project involves digital transformation and infrastructure upgrade.
account_209,Account 209 Inc.,LATAM,600744,Seeking expertise in CRM Solutions. Also interested in solutions for Cybersecurity. Key project involves digital transformation and infrastructure upgrade.
account_210,Account 210 Inc.,APAC,1037925,Seeking expertise in CRM Solutions. Also interested in solutions for IoT. Key project involves digital transformation and infrastructure upgrade.
account_211,Account 211 Inc.,North America,1452863,Seeking expertise in DevOps. Also interested in solutions for IoT. Key project involves digital transformation and infrastructure upgrade.
account_212,Account 212 Inc.,LATAM,1469432,Seeking expertise in DevOps. 
account_213,Account 213 Inc.,LATAM,1911421,Seeking expertise in DevOps. Also interested in solutions for AI/ML. 
account_214,Account 214 Inc.,LATAM,830589,Seeking expertise in Cloud Computing. Also interested in solutions for Data Analytics. Key project involves digital transformation and infrastructure upgrade.
account_215,Account 215 Inc.,EMEA,1385870,Seeking expertise in Cloud Computing. Also interested in solutions for Data Analytics. Key project involves digital transformation and infrastructure upgrade.
account_216,Account 216 Inc.,North America,1290317,"Seeking expertise in AI/ML. Also interested in solutions for ERP Systems, DevOps, Cloud Computing. Key project involves digital transformation and infrastructure upgrade."
account_217,Account 217 Inc.,LATAM,645393,"Seeking expertise in IoT. Also interested in solutions for CRM Solutions, Cloud Computing. "
account_218,Account 218 Inc.,APAC,1100755,"Seeking expertise in DevOps. Also interested in solutions for AI/ML, ERP Systems. Key project involves digital transformation and infrastructure upgrade."
account_219,Account 219 Inc.,EMEA,1454101,"Seeking expertise in Cybersecurity. Also interested in solutions for DevOps, ERP Systems, IoT. "
account_220,Account 220 Inc.,APAC,1882033,Seeking expertise in Data Analytics. Also interested in solutions for CRM Solutions. 
account_221,Account 221 Inc.,LATAM,1589373,Seeking expertise in Data Analytics. Key project involves digital transformation and infrastructure upgrade.
account_222,Account 222 Inc.,LATAM,611092,"Seeking expertise in Cybersecurity. Also interested in solutions for CRM Solutions, Data Analytics, DevOps. "
account_223,Account 223 Inc.,North America,1145692,Seeking expertise in ERP Systems. Key project involves digital transformation and infrastructure upgrade.
account_224,Account 224 Inc.,EMEA,873929,"Seeking expertise in AI/ML. Also interested in solutions for Cybersecurity, ERP Systems. Key project involves digital transformation and infrastructure upgrade."
account_225,Account 225 Inc.,North America,1258676,"Seeking expertise in CRM Solutions. Also interested in solutions for DevOps, Data Analytics, IoT. Key project involves digital transformation and infrastructure upgrade."
account_226,Account 226 Inc.,APAC,1166313,"Seeking expertise in IoT. Also interested in solutions for Data Analytics, Cybersecurity. "
account_227,Account 227 Inc.,EMEA,323592,"Seeking expertise in CRM Solutions. Also interested in solutions for IoT, AI/ML, Cybersecurity. "
account_228,Account 228 Inc.,North America,1929616,Seeking expertise in Cybersecurity. Also interested in solutions for Data Analytics. 
account_229,Account 229 Inc.,LATAM,1940968,"Seeking expertise in Data Analytics. Also interested in solutions for ERP Systems, IoT, Cloud Computing. "
account_230,Account 230 Inc.,North America,491643,Seeking expertise in AI/ML. Also interested in solutions for Data Analytics. 
account_231,Account 231 Inc.,APAC,934351,"Seeking expertise in CRM Solutions. Also interested in solutions for Data Analytics, IoT, ERP Systems. Key project involves digital transformation and infrastructure upgrade."
account_232,Account 232 Inc.,LATAM,1612580,"Seeking expertise in IoT. Also interested in solutions for ERP Systems, Cloud Computing, DevOps. "
account_233,Account 233 Inc.,APAC,716938,Seeking expertise in IoT. Key project involves digital transformation and infrastructure upgrade.
account_234,Account 234 Inc.,APAC,1401945,"Seeking expertise in DevOps. Also interested in solutions for IoT, Cloud Computing. Key project involves digital transformation and infrastructure upgrade."
account_235,Account 235 Inc.,North America,249938,"Seeking expertise in AI/ML. Also interested in solutions for DevOps, Data Analytics, IoT. "
account_236,Account 236 Inc.,EMEA,796095,Seeking expertise in CRM Solutions. Also interested in solutions for Cybersecurity. Key project involves digital transformation and infrastructure upgrade.
account_237,Account 237 Inc.,EMEA,609771,Seeking expertise in Data Analytics. Also interested in solutions for Cybersecurity. Key project involves digital transformation and infrastructure upgrade.
account_238,Account 238 Inc.,LATAM,605041,"Seeking expertise in CRM Solutions. Also interested in solutions for IoT, DevOps, Cybersecurity. Key project involves digital transformation and infrastructure upgrade."
account_239,Account 239 Inc.,North America,884771,"Seeking expertise in ERP Systems. Also interested in solutions for CRM Solutions, Data Analytics. Key project involves digital transformation and infrastructure upgrade."
account_240,Account 240 Inc.,North America,889492,"Seeking expertise in Data Analytics. Also interested in solutions for CRM Solutions, Cybersecurity, Cloud Computing. Key project involves digital transformation and infrastructure upgrade."
account_241,Account 241 Inc.,EMEA,588952,"Seeking expertise in Cloud Computing. Also interested in solutions for IoT, CRM Solutions, Data Analytics. "
account_242,Account 242 Inc.,LATAM,1766342,"Seeking expertise in ERP Systems. Also interested in solutions for Cybersecurity, AI/ML, Data Analytics. "
account_243,Account 243 Inc.,North America,1627802,Seeking expertise in Cybersecurity. 
account_244,Account 244 Inc.,EMEA,995285,Seeking expertise in Cloud Computing. Also interested in solutions for Data Analytics. 
account_245,Account 245 Inc.,LATAM,1648367,Seeking expertise in ERP Systems. 
account_246,Account 246 Inc.,North America,981906,Seeking expertise in ERP Systems. Key project involves digital transformation and infrastructure upgrade.
account_247,Account 247 Inc.,APAC,973351,Seeking expertise in Cybersecurity. Also interested in solutions for AI/ML. Key project involves digital transformation and infrastructure upgrade.
account_248,Account 248 Inc.,APAC,1108693,Seeking expertise in IoT. Also interested in solutions for CRM Solutions. Key project involves digital transformation and infrastructure upgrade.
account_249,Account 249 Inc.,EMEA,1835692,"Seeking expertise in DevOps. Also interested in solutions for Data Analytics, Cloud Computing, ERP Systems. "
account_250,Account 250 Inc.,EMEA,416997,"Seeking expertise in CRM Solutions. Also interested in solutions for IoT, Data Analytics, DevOps. "
account_251,Account 251 Inc.,LATAM,1791646,Seeking expertise in CRM Solutions. Key project involves digital transformation and infrastructure upgrade.
account_252,Account 252 Inc.,LATAM,1147176,Seeking expertise in ERP Systems. Also interested in solutions for Cloud Computing. Key project involves digital transformation and infrastructure upgrade.
account_253,Account 253 Inc.,EMEA,799959,Seeking expertise in IoT. Also interested in solutions for Data Analytics. Key project involves digital transformation and infrastructure upgrade.
account_254,Account 254 Inc.,North America,254818,"Seeking expertise in Cloud Computing. Also interested in solutions for CRM Solutions, Cybersecurity. "
account_255,Account 255 Inc.,North America,817680,Seeking expertise in DevOps. Also interested in solutions for Cybersecurity. Key project involves digital transformation and infrastructure upgrade.
account_256,Account 256 Inc.,LATAM,289225,"Seeking expertise in Cloud Computing. Also interested in solutions for CRM Solutions, IoT, ERP Systems. "
account_257,Account 257 Inc.,APAC,138999,Seeking expertise in CRM Solutions. 
account_258,Account 258 Inc.,EMEA,796123,"Seeking expertise in IoT. Also interested in solutions for Data Analytics, DevOps. "
account_259,Account 259 Inc.,North America,791640,Seeking expertise in IoT. 
account_260,Account 260 Inc.,APAC,1120700,Seeking expertise in ERP Systems. Key project involves digital transformation and infrastructure upgrade.
account_261,Account 261 Inc.,EMEA,1515949,Seeking expertise in Cybersecurity. Also interested in solutions for Cloud Computing. 
account_262,Account 262 Inc.,EMEA,639182,"Seeking expertise in Cloud Computing. Also interested in solutions for ERP Systems, DevOps, Cybersecurity. "
account_263,Account 263 Inc.,North America,479871,"Seeking expertise in Cloud Computing. Also interested in solutions for DevOps, AI/ML. "
account_264,Account 264 Inc.,LATAM,1324395,Seeking expertise in IoT. Also interested in solutions for CRM Solutions. 
account_265,Account 265 Inc.,EMEA,1368179,Seeking expertise in Cybersecurity. Key project involves digital transformation and infrastructure upgrade.
account_266,Account 266 Inc.,EMEA,1908015,"Seeking expertise in IoT. Also interested in solutions for CRM Solutions, Data Analytics, DevOps. "
account_267,Account 267 Inc.,APAC,229195,"Seeking expertise in Cybersecurity. Also interested in solutions for Data Analytics, CRM Solutions. Key project involves digital transformation and infrastructure upgrade."
account_268,Account 268 Inc.,LATAM,970544,Seeking expertise in DevOps. Also interested in solutions for Cloud Computing. Key project involves digital transformation and infrastructure upgrade.
account_269,Account 269 Inc.,APAC,594348,Seeking expertise in Data Analytics. Key project involves digital transformation and infrastructure upgrade.
account_270,Account 270 Inc.,EMEA,311900,"Seeking expertise in Cloud Computing. Also interested in solutions for Data Analytics, ERP Systems, CRM Solutions. Key project involves digital transformation and infrastructure upgrade."
account_271,Account 271 Inc.,APAC,118949,"Seeking expertise in Cloud Computing. Also interested in solutions for Cybersecurity, AI/ML. Key project involves digital transformation and infrastructure upgrade."
account_272,Account 272 Inc.,LATAM,236033,"Seeking expertise in ERP Systems. Also interested in solutions for IoT, AI/ML, Cloud Computing. "
account_273,Account 273 Inc.,LATAM,363919,"Seeking expertise in Data Analytics. Also interested in solutions for ERP Systems, IoT. "
account_274,Account 274 Inc.,North America,1112407,"Seeking expertise in Data Analytics. Also interested in solutions for DevOps, CRM Solutions. Key project involves digital transformation and infrastructure upgrade."
account_275,Account 275 Inc.,EMEA,797595,Seeking expertise in ERP Systems. Also interested in solutions for DevOps. Key project involves digital transformation and infrastructure upgrade.
account_276,Account 276 Inc.,APAC,1245253,Seeking expertise in IoT. Also interested in solutions for AI/ML. Key project involves digital transformation and infrastructure upgrade.
account_277,Account 277 Inc.,LATAM,1360413,Seeking expertise in ERP Systems. 
account_278,Account 278 Inc.,APAC,166528,Seeking expertise in DevOps. Also interested in solutions for AI/ML. Key project involves digital transformation and infrastructure upgrade.
account_279,Account 279 Inc.,EMEA,1645546,Seeking expertise in ERP Systems. Also interested in solutions for CRM Solutions. Key project involves digital transformation and infrastructure upgrade.
account_280,Account 280 Inc.,LATAM,1412816,Seeking expertise in IoT. Key project involves digital transformation and infrastructure upgrade.
account_281,Account 281 Inc.,EMEA,590031,"Seeking expertise in DevOps. Also interested in solutions for Data Analytics, IoT, Cybersecurity. Key project involves digital transformation and infrastructure upgrade."
account_282,Account 282 Inc.,EMEA,116582,Seeking expertise in CRM Solutions. Also interested in solutions for ERP Systems. 
account_283,Account 283 Inc.,APAC,739826,Seeking expertise in CRM Solutions. 
account_284,Account 284 Inc.,LATAM,113846,"Seeking expertise in Cloud Computing. Also interested in solutions for CRM Solutions, IoT. "
account_285,Account 285 Inc.,APAC,352462,Seeking expertise in ERP Systems. Also interested in solutions for Data Analytics. 
account_286,Account 286 Inc.,LATAM,534741,Seeking expertise in CRM Solutions. Also interested in solutions for Data Analytics. Key project involves digital transformation and infrastructure upgrade.
account_287,Account 287 Inc.,APAC,124661,Seeking expertise in Data Analytics. Also interested in solutions for IoT. 
account_288,Account 288 Inc.,APAC,1101192,Seeking expertise in ERP Systems. Also interested in solutions for Data Analytics. Key project involves digital transformation and infrastructure upgrade.
account_289,Account 289 Inc.,LATAM,751328,Seeking expertise in Cloud Computing. Also interested in solutions for Cybersecurity. Key project involves digital transformation and infrastructure upgrade.
account_290,Account 290 Inc.,North America,357257,"Seeking expertise in AI/ML. Also interested in solutions for ERP Systems, CRM Solutions, Cloud Computing. Key project involves digital transformation and infrastructure upgrade."
account_291,Account 291 Inc.,EMEA,1620077,"Seeking expertise in AI/ML. Also interested in solutions for ERP Systems, Cybersecurity. "
account_292,Account 292 Inc.,North America,1932138,Seeking expertise in CRM Solutions. Key project involves digital transformation and infrastructure upgrade.
account_293,Account 293 Inc.,EMEA,1332275,Seeking expertise in ERP Systems. Also interested in solutions for Data Analytics. Key project involves digital transformation and infrastructure upgrade.
account_294,Account 294 Inc.,EMEA,1107046,"Seeking expertise in AI/ML. Also interested in solutions for Cybersecurity, IoT, Data Analytics. "
account_295,Account 295 Inc.,North America,1768877,"Seeking expertise in CRM Solutions. Also interested in solutions for ERP Systems, Cloud Computing. Key project involves digital transformation and infrastructure upgrade."
account_296,Account 296 Inc.,EMEA,1570390,Seeking expertise in ERP Systems. 
account_297,Account 297 Inc.,EMEA,187875,Seeking expertise in Cybersecurity. Also interested in solutions for Data Analytics. 
account_298,Account 298 Inc.,APAC,253301,"Seeking expertise in Cybersecurity. Also interested in solutions for AI/ML, DevOps. "
account_299,Account 299 Inc.,APAC,1643149,"Seeking expertise in ERP Systems. Also interested in solutions for CRM Solutions, DevOps, Cybersecurity. Key project involves digital transformation and infrastructure upgrade."
account_300,Account 300 Inc.,North America,1743920,Seeking expertise in IoT. Also interested in solutions for AI/ML. Key project involves digital transformation and infrastructure upgrade.
account_301,Account 301 Inc.,APAC,366708,Seeking expertise in Data Analytics. Key project involves digital transformation and infrastructure upgrade.
account_302,Account 302 Inc.,EMEA,1814248,"Seeking expertise in Cloud Computing. Also interested in solutions for CRM Solutions, ERP Systems. Key project involves digital transformation and infrastructure upgrade."
account_303,Account 303 Inc.,APAC,769901,Seeking expertise in Cybersecurity. Also interested in solutions for ERP Systems. 
account_304,Account 304 Inc.,North America,1941086,"Seeking expertise in Cybersecurity. Also interested in solutions for DevOps, CRM Solutions, AI/ML. "
account_305,Account 305 Inc.,LATAM,561315,Seeking expertise in Cloud Computing. Key project involves digital transformation and infrastructure upgrade.
account_306,Account 306 Inc.,APAC,1580638,Seeking expertise in DevOps. Key project involves digital transformation and infrastructure upgrade.
account_307,Account 307 Inc.,EMEA,1671217,"Seeking expertise in AI/ML. Also interested in solutions for DevOps, ERP Systems. Key project involves digital transformation and infrastructure upgrade."
account_308,Account 308 Inc.,EMEA,1023216,Seeking expertise in Cybersecurity. 
account_309,Account 309 Inc.,LATAM,1198728,Seeking expertise in AI/ML. Key project involves digital transformation and infrastructure upgrade.
account_310,Account 310 Inc.,APAC,169220,Seeking expertise in DevOps. Also interested in solutions for IoT. 
account_311,Account 311 Inc.,EMEA,657841,Seeking expertise in Cybersecurity. Key project involves digital transformation and infrastructure upgrade.
account_312,Account 312 Inc.,LATAM,792905,Seeking expertise in IoT. 
account_313,Account 313 Inc.,EMEA,646034,Seeking expertise in Cybersecurity. Also interested in solutions for Cloud Computing. 
account_314,Account 314 Inc.,APAC,1192478,"Seeking expertise in Cloud Computing. Also interested in solutions for Data Analytics, DevOps. "
account_315,Account 315 Inc.,EMEA,1980543,Seeking expertise in ERP Systems. 
account_316,Account 316 Inc.,EMEA,1781105,"Seeking expertise in IoT. Also interested in solutions for Data Analytics, CRM Solutions, ERP Systems. Key project involves digital transformation and infrastructure upgrade."
account_317,Account 317 Inc.,APAC,626971,Seeking expertise in CRM Solutions. Also interested in solutions for Cybersecurity. 
account_318,Account 318 Inc.,North America,935042,"Seeking expertise in ERP Systems. Also interested in solutions for AI/ML, CRM Solutions, Cloud Computing. Key project involves digital transformation and infrastructure upgrade."
account_319,Account 319 Inc.,LATAM,643902,"Seeking expertise in CRM Solutions. Also interested in solutions for AI/ML, ERP Systems, IoT. "
account_320,Account 320 Inc.,APAC,1551483,"Seeking expertise in DevOps. Also interested in solutions for ERP Systems, Cloud Computing. Key project involves digital transformation and infrastructure upgrade."
account_321,Account 321 Inc.,LATAM,1734916,Seeking expertise in ERP Systems. Key project involves digital transformation and infrastructure upgrade.
account_322,Account 322 Inc.,APAC,666628,"Seeking expertise in Data Analytics. Also interested in solutions for Cloud Computing, AI/ML. "
account_323,Account 323 Inc.,North America,992463,Seeking expertise in ERP Systems. Key project involves digital transformation and infrastructure upgrade.
account_324,Account 324 Inc.,North America,651809,"Seeking expertise in Data Analytics. Also interested in solutions for IoT, DevOps, ERP Systems. Key project involves digital transformation and infrastructure upgrade."
account_325,Account 325 Inc.,LATAM,892464,"Seeking expertise in Data Analytics. Also interested in solutions for ERP Systems, CRM Solutions. Key project involves digital transformation and infrastructure upgrade."
account_326,Account 326 Inc.,APAC,1986303,Seeking expertise in Data Analytics. 
account_327,Account 327 Inc.,APAC,1810704,"Seeking expertise in Cybersecurity. Also interested in solutions for IoT, Data Analytics, DevOps. Key project involves digital transformation and infrastructure upgrade."
account_328,Account 328 Inc.,North America,1088664,Seeking expertise in Data Analytics. 
account_329,Account 329 Inc.,LATAM,633386,Seeking expertise in Cloud Computing. Also interested in solutions for ERP Systems. Key project involves digital transformation and infrastructure upgrade.
account_330,Account 330 Inc.,APAC,458375,Seeking expertise in ERP Systems. Also interested in solutions for CRM Solutions. Key project involves digital transformation and infrastructure upgrade.
account_331,Account 331 Inc.,North America,1686039,"Seeking expertise in DevOps. Also interested in solutions for CRM Solutions, ERP Systems, Cloud Computing. "
account_332,Account 332 Inc.,LATAM,1994115,"Seeking expertise in AI/ML. Also interested in solutions for Cloud Computing, IoT, Data Analytics. "
account_333,Account 333 Inc.,APAC,1672186,"Seeking expertise in Data Analytics. Also interested in solutions for CRM Solutions, AI/ML. "
account_334,Account 334 Inc.,APAC,116921,"Seeking expertise in Data Analytics. Also interested in solutions for AI/ML, ERP Systems. Key project involves digital transformation and infrastructure upgrade."
account_335,Account 335 Inc.,North America,1397639,Seeking expertise in CRM Solutions. 
account_336,Account 336 Inc.,North America,971833,"Seeking expertise in Cybersecurity. Also interested in solutions for DevOps, AI/ML, Data Analytics. Key project involves digital transformation and infrastructure upgrade."
account_337,Account 337 Inc.,EMEA,988402,Seeking expertise in ERP Systems. 
account_338,Account 338 Inc.,EMEA,559490,"Seeking expertise in ERP Systems. Also interested in solutions for Data Analytics, Cloud Computing. Key project involves digital transformation and infrastructure upgrade."
account_339,Account 339 Inc.,North America,483757,"Seeking expertise in Cybersecurity. Also interested in solutions for DevOps, CRM Solutions. Key project involves digital transformation and infrastructure upgrade."
account_340,Account 340 Inc.,EMEA,1425626,Seeking expertise in AI/ML. Also interested in solutions for Data Analytics. Key project involves digital transformation and infrastructure upgrade.
account_341,Account 341 Inc.,EMEA,1647589,"Seeking expertise in CRM Solutions. Also interested in solutions for AI/ML, Data Analytics. "
account_342,Account 342 Inc.,North America,444478,Seeking expertise in Cybersecurity. 
account_343,Account 343 Inc.,EMEA,1584275,"Seeking expertise in Data Analytics. Also interested in solutions for Cloud Computing, CRM Solutions. Key project involves digital transformation and infrastructure upgrade."
account_344,Account 344 Inc.,LATAM,1615413,"Seeking expertise in Cybersecurity. Also interested in solutions for Cloud Computing, DevOps. Key project involves digital transformation and infrastructure upgrade."
account_345,Account 345 Inc.,EMEA,400063,Seeking expertise in AI/ML. 
account_346,Account 346 Inc.,LATAM,702293,Seeking expertise in AI/ML. Also interested in solutions for DevOps. Key project involves digital transformation and infrastructure upgrade.
account_347,Account 347 Inc.,EMEA,1592881,Seeking expertise in Cloud Computing. Also interested in solutions for DevOps. Key project involves digital transformation and infrastructure upgrade.
account_348,Account 348 Inc.,North America,177480,Seeking expertise in IoT. Also interested in solutions for Cloud Computing. Key project involves digital transformation and infrastructure upgrade.
account_349,Account 349 Inc.,EMEA,1648563,Seeking expertise in Data Analytics. Key project involves digital transformation and infrastructure upgrade.
account_350,Account 350 Inc.,North America,357395,"Seeking expertise in Data Analytics. Also interested in solutions for Cybersecurity, DevOps. "
account_351,Account 351 Inc.,APAC,342819,Seeking expertise in Data Analytics. Also interested in solutions for Cloud Computing. 
account_352,Account 352 Inc.,APAC,510315,Seeking expertise in AI/ML. Also interested in solutions for Cloud Computing. 
account_353,Account 353 Inc.,EMEA,1161662,"Seeking expertise in DevOps. Also interested in solutions for AI/ML, Cybersecurity, Data Analytics. Key project involves digital transformation and infrastructure upgrade."
account_354,Account 354 Inc.,North America,126755,Seeking expertise in Cybersecurity. Also interested in solutions for Cloud Computing. Key project involves digital transformation and infrastructure upgrade.
account_355,Account 355 Inc.,North America,786917,Seeking expertise in ERP Systems. Key project involves digital transformation and infrastructure upgrade.
account_356,Account 356 Inc.,EMEA,1862727,"Seeking expertise in ERP Systems. Also interested in solutions for CRM Solutions, DevOps, Data Analytics. Key project involves digital transformation and infrastructure upgrade."
account_357,Account 357 Inc.,APAC,899056,Seeking expertise in Cybersecurity. Key project involves digital transformation and infrastructure upgrade.
account_358,Account 358 Inc.,APAC,230268,Seeking expertise in ERP Systems. Also interested in solutions for CRM Solutions. Key project involves digital transformation and infrastructure upgrade.
account_359,Account 359 Inc.,APAC,1988476,"Seeking expertise in AI/ML. Also interested in solutions for Cybersecurity, Cloud Computing, CRM Solutions. "
account_360,Account 360 Inc.,LATAM,1455958,Seeking expertise in Cybersecurity. Key project involves digital transformation and infrastructure upgrade.
account_361,Account 361 Inc.,APAC,1643184,"Seeking expertise in Cybersecurity. Also interested in solutions for CRM Solutions, DevOps. "
account_362,Account 362 Inc.,EMEA,1048976,Seeking expertise in Cloud Computing. Also interested in solutions for Data Analytics. 
account_363,Account 363 Inc.,EMEA,1375845,"Seeking expertise in ERP Systems. Also interested in solutions for Cybersecurity, CRM Solutions. Key project involves digital transformation and infrastructure upgrade."
account_364,Account 364 Inc.,North America,1201758,"Seeking expertise in Data Analytics. Also interested in solutions for AI/ML, Cybersecurity, Cloud Computing. "
account_365,Account 365 Inc.,LATAM,1232231,"Seeking expertise in CRM Solutions. Also interested in solutions for AI/ML, Cloud Computing. "
account_366,Account 366 Inc.,APAC,884590,"Seeking expertise in Data Analytics. Also interested in solutions for ERP Systems, DevOps. "
account_367,Account 367 Inc.,EMEA,599201,Seeking expertise in DevOps. Key project involves digital transformation and infrastructure upgrade.
account_368,Account 368 Inc.,North America,762556,Seeking expertise in Cybersecurity. Also interested in solutions for Cloud Computing. Key project involves digital transformation and infrastructure upgrade.
account_369,Account 369 Inc.,APAC,1795519,"Seeking expertise in Data Analytics. Also interested in solutions for CRM Solutions, Cloud Computing, AI/ML. "
account_370,Account 370 Inc.,EMEA,1672026,Seeking expertise in DevOps. 
account_371,Account 371 Inc.,LATAM,704156,"Seeking expertise in Data Analytics. Also interested in solutions for AI/ML, CRM Solutions. Key project involves digital transformation and infrastructure upgrade."
account_372,Account 372 Inc.,APAC,1126624,"Seeking expertise in Data Analytics. Also interested in solutions for Cybersecurity, DevOps, CRM Solutions. Key project involves digital transformation and infrastructure upgrade."
account_373,Account 373 Inc.,APAC,310090,"Seeking expertise in CRM Solutions. Also interested in solutions for DevOps, Cybersecurity, Data Analytics. Key project involves digital transformation and infrastructure upgrade."
account_374,Account 374 Inc.,LATAM,1042739,Seeking expertise in IoT. Also interested in solutions for Cloud Computing. Key project involves digital transformation and infrastructure upgrade.
account_375,Account 375 Inc.,North America,1280855,"Seeking expertise in Cybersecurity. Also interested in solutions for ERP Systems, Data Analytics. Key project involves digital transformation and infrastructure upgrade."
account_376,Account 376 Inc.,APAC,1987444,"Seeking expertise in ERP Systems. Also interested in solutions for Cloud Computing, Data Analytics. Key project involves digital transformation and infrastructure upgrade."
account_377,Account 377 Inc.,North America,1895017,"Seeking expertise in IoT. Also interested in solutions for Cloud Computing, Cybersecurity. "
account_378,Account 378 Inc.,EMEA,1765969,Seeking expertise in Cybersecurity. Also interested in solutions for ERP Systems. Key project involves digital transformation and infrastructure upgrade.
account_379,Account 379 Inc.,APAC,868996,"Seeking expertise in AI/ML. Also interested in solutions for CRM Solutions, Cloud Computing. "
account_380,Account 380 Inc.,LATAM,611820,"Seeking expertise in Cybersecurity. Also interested in solutions for AI/ML, Cloud Computing, IoT. Key project involves digital transformation and infrastructure upgrade."
account_381,Account 381 Inc.,APAC,112280,Seeking expertise in ERP Systems. Also interested in solutions for IoT. Key project involves digital transformation and infrastructure upgrade.
account_382,Account 382 Inc.,APAC,1595369,Seeking expertise in CRM Solutions. Also interested in solutions for Data Analytics. Key project involves digital transformation and infrastructure upgrade.
account_383,Account 383 Inc.,North America,155577,"Seeking expertise in ERP Systems. Also interested in solutions for DevOps, AI/ML, Cloud Computing. Key project involves digital transformation and infrastructure upgrade."
account_384,Account 384 Inc.,LATAM,1453847,"Seeking expertise in Cybersecurity. Also interested in solutions for AI/ML, CRM Solutions, ERP Systems. Key project involves digital transformation and infrastructure upgrade."
account_385,Account 385 Inc.,North America,1431242,Seeking expertise in IoT. Key project involves digital transformation and infrastructure upgrade.
account_386,Account 386 Inc.,EMEA,1392028,Seeking expertise in Data Analytics. Also interested in solutions for IoT. 
account_387,Account 387 Inc.,LATAM,382042,Seeking expertise in Data Analytics. Also interested in solutions for Cybersecurity. Key project involves digital transformation and infrastructure upgrade.
account_388,Account 388 Inc.,LATAM,446323,"Seeking expertise in Cloud Computing. Also interested in solutions for DevOps, Data Analytics, AI/ML. Key project involves digital transformation and infrastructure upgrade."
account_389,Account 389 Inc.,EMEA,1100357,Seeking expertise in Data Analytics. Also interested in solutions for Cybersecurity. 
account_390,Account 390 Inc.,EMEA,1547637,"Seeking expertise in Cloud Computing. Also interested in solutions for IoT, DevOps. "
account_391,Account 391 Inc.,APAC,815410,Seeking expertise in IoT. Also interested in solutions for AI/ML. Key project involves digital transformation and infrastructure upgrade.
account_392,Account 392 Inc.,EMEA,1748722,Seeking expertise in IoT. Also interested in solutions for AI/ML. Key project involves digital transformation and infrastructure upgrade.
account_393,Account 393 Inc.,APAC,430247,Seeking expertise in Cybersecurity. Also interested in solutions for Cloud Computing. Key project involves digital transformation and infrastructure upgrade.
account_394,Account 394 Inc.,EMEA,1077948,"Seeking expertise in IoT. Also interested in solutions for CRM Solutions, Cloud Computing. Key project involves digital transformation and infrastructure upgrade."
account_395,Account 395 Inc.,North America,260890,Seeking expertise in Data Analytics. 
account_396,Account 396 Inc.,APAC,1732719,Seeking expertise in IoT. Also interested in solutions for Cybersecurity. Key project involves digital transformation and infrastructure upgrade.
account_397,Account 397 Inc.,LATAM,251887,Seeking expertise in CRM Solutions. Key project involves digital transformation and infrastructure upgrade.
account_398,Account 398 Inc.,APAC,1335302,Seeking expertise in DevOps. Key project involves digital transformation and infrastructure upgrade.
account_399,Account 399 Inc.,APAC,793922,"Seeking expertise in DevOps. Also interested in solutions for Data Analytics, CRM Solutions, AI/ML. "
account_400,Account 400 Inc.,North America,782632,Seeking expertise in ERP Systems. Key project involves digital transformation and infrastructure upgrade.
account_401,Account 401 Inc.,LATAM,877881,Seeking expertise in AI/ML. Also interested in solutions for IoT. Key project involves digital transformation and infrastructure upgrade.
account_402,Account 402 Inc.,EMEA,484900,"Seeking expertise in IoT. Also interested in solutions for AI/ML, Data Analytics. Key project involves digital transformation and infrastructure upgrade."
account_403,Account 403 Inc.,EMEA,1118400,"Seeking expertise in IoT. Also interested in solutions for AI/ML, ERP Systems. Key project involves digital transformation and infrastructure upgrade."
account_404,Account 404 Inc.,LATAM,1371297,"Seeking expertise in Data Analytics. Also interested in solutions for Cybersecurity, CRM Solutions. Key project involves digital transformation and infrastructure upgrade."
account_405,Account 405 Inc.,APAC,458717,"Seeking expertise in DevOps. Also interested in solutions for IoT, CRM Solutions. "
account_406,Account 406 Inc.,APAC,972628,"Seeking expertise in IoT. Also interested in solutions for ERP Systems, CRM Solutions, Data Analytics. Key project involves digital transformation and infrastructure upgrade."
account_407,Account 407 Inc.,LATAM,1806318,Seeking expertise in Cybersecurity. 
account_408,Account 408 Inc.,LATAM,1106450,Seeking expertise in IoT. 
account_409,Account 409 Inc.,EMEA,784808,"Seeking expertise in CRM Solutions. Also interested in solutions for DevOps, Data Analytics, IoT. "
account_410,Account 410 Inc.,LATAM,1035166,"Seeking expertise in ERP Systems. Also interested in solutions for AI/ML, Data Analytics. Key project involves digital transformation and infrastructure upgrade."
account_411,Account 411 Inc.,North America,1846960,"Seeking expertise in Data Analytics. Also interested in solutions for Cybersecurity, IoT. "
account_412,Account 412 Inc.,EMEA,676358,Seeking expertise in DevOps. 
account_413,Account 413 Inc.,APAC,1840939,Seeking expertise in IoT. Also interested in solutions for Data Analytics. Key project involves digital transformation and infrastructure upgrade.
account_414,Account 414 Inc.,EMEA,581198,"Seeking expertise in Cloud Computing. Also interested in solutions for DevOps, AI/ML, Cybersecurity. Key project involves digital transformation and infrastructure upgrade."
account_415,Account 415 Inc.,EMEA,123822,"Seeking expertise in Cybersecurity. Also interested in solutions for CRM Solutions, Data Analytics. "
account_416,Account 416 Inc.,LATAM,1494714,Seeking expertise in Cybersecurity. 
account_417,Account 417 Inc.,EMEA,1173735,Seeking expertise in ERP Systems. 
account_418,Account 418 Inc.,APAC,179828,Seeking expertise in CRM Solutions. Also interested in solutions for DevOps. 
account_419,Account 419 Inc.,APAC,1436012,"Seeking expertise in DevOps. Also interested in solutions for Cloud Computing, AI/ML. "
account_420,Account 420 Inc.,North America,952512,"Seeking expertise in IoT. Also interested in solutions for CRM Solutions, AI/ML. Key project involves digital transformation and infrastructure upgrade."
account_421,Account 421 Inc.,EMEA,180977,Seeking expertise in CRM Solutions. Key project involves digital transformation and infrastructure upgrade.
account_422,Account 422 Inc.,North America,1558551,"Seeking expertise in DevOps. Also interested in solutions for CRM Solutions, IoT, Cybersecurity. "
account_423,Account 423 Inc.,EMEA,1410973,"Seeking expertise in ERP Systems. Also interested in solutions for Cloud Computing, CRM Solutions. "
account_424,Account 424 Inc.,North America,1189148,Seeking expertise in Data Analytics. Key project involves digital transformation and infrastructure upgrade.
account_425,Account 425 Inc.,APAC,703593,"Seeking expertise in CRM Solutions. Also interested in solutions for DevOps, Data Analytics, Cloud Computing. Key project involves digital transformation and infrastructure upgrade."
account_426,Account 426 Inc.,North America,1171026,Seeking expertise in AI/ML. Also interested in solutions for ERP Systems. 
account_427,Account 427 Inc.,LATAM,1027122,Seeking expertise in Data Analytics. Also interested in solutions for AI/ML. Key project involves digital transformation and infrastructure upgrade.
account_428,Account 428 Inc.,EMEA,1280603,"Seeking expertise in CRM Solutions. Also interested in solutions for Data Analytics, IoT, DevOps. Key project involves digital transformation and infrastructure upgrade."
account_429,Account 429 Inc.,APAC,1762859,"Seeking expertise in Cloud Computing. Also interested in solutions for Data Analytics, ERP Systems. Key project involves digital transformation and infrastructure upgrade."
account_430,Account 430 Inc.,EMEA,784535,Seeking expertise in AI/ML. Also interested in solutions for DevOps. Key project involves digital transformation and infrastructure upgrade.
account_431,Account 431 Inc.,APAC,1734349,Seeking expertise in Data Analytics. Key project involves digital transformation and infrastructure upgrade.
account_432,Account 432 Inc.,APAC,1853541,"Seeking expertise in Cybersecurity. Also interested in solutions for IoT, DevOps. "
account_433,Account 433 Inc.,LATAM,186276,Seeking expertise in CRM Solutions. Key project involves digital transformation and infrastructure upgrade.
account_434,Account 434 Inc.,North America,1315196,"Seeking expertise in DevOps. Also interested in solutions for Cybersecurity, IoT, CRM Solutions. Key project involves digital transformation and infrastructure upgrade."
account_435,Account 435 Inc.,EMEA,1717817,Seeking expertise in CRM Solutions. Key project involves digital transformation and infrastructure upgrade.
account_436,Account 436 Inc.,LATAM,1759227,"Seeking expertise in ERP Systems. Also interested in solutions for Cybersecurity, CRM Solutions, Cloud Computing. "
account_437,Account 437 Inc.,LATAM,1421535,"Seeking expertise in CRM Solutions. Also interested in solutions for AI/ML, DevOps, Data Analytics. Key project involves digital transformation and infrastructure upgrade."
account_438,Account 438 Inc.,LATAM,1379711,Seeking expertise in Cloud Computing. Also interested in solutions for DevOps. Key project involves digital transformation and infrastructure upgrade.
account_439,Account 439 Inc.,EMEA,1993574,"Seeking expertise in Cloud Computing. Also interested in solutions for AI/ML, IoT, ERP Systems. Key project involves digital transformation and infrastructure upgrade."
account_440,Account 440 Inc.,LATAM,945644,"Seeking expertise in CRM Solutions. Also interested in solutions for IoT, AI/ML, ERP Systems. "
account_441,Account 441 Inc.,North America,261113,Seeking expertise in CRM Solutions. 
account_442,Account 442 Inc.,LATAM,168936,"Seeking expertise in AI/ML. Also interested in solutions for CRM Solutions, DevOps. "
account_443,Account 443 Inc.,EMEA,345508,Seeking expertise in IoT. Also interested in solutions for Cybersecurity. 
account_444,Account 444 Inc.,North America,265413,Seeking expertise in Data Analytics. Key project involves digital transformation and infrastructure upgrade.
account_445,Account 445 Inc.,APAC,1062353,Seeking expertise in ERP Systems. 
account_446,Account 446 Inc.,APAC,1203497,Seeking expertise in AI/ML. Key project involves digital transformation and infrastructure upgrade.
account_447,Account 447 Inc.,EMEA,1376784,"Seeking expertise in Data Analytics. Also interested in solutions for Cybersecurity, IoT, DevOps. "
account_448,Account 448 Inc.,EMEA,981930,Seeking expertise in AI/ML. Also interested in solutions for Data Analytics. 
account_449,Account 449 Inc.,EMEA,442190,Seeking expertise in Data Analytics. Also interested in solutions for Cloud Computing. 
account_450,Account 450 Inc.,EMEA,530109,"Seeking expertise in AI/ML. Also interested in solutions for Cloud Computing, IoT. Key project involves digital transformation and infrastructure upgrade."
account_451,Account 451 Inc.,LATAM,285330,"Seeking expertise in Cybersecurity. Also interested in solutions for AI/ML, IoT. "
account_452,Account 452 Inc.,EMEA,398684,"Seeking expertise in IoT. Also interested in solutions for Cloud Computing, ERP Systems. Key project involves digital transformation and infrastructure upgrade."
account_453,Account 453 Inc.,North America,937108,Seeking expertise in ERP Systems. Also interested in solutions for Cybersecurity. Key project involves digital transformation and infrastructure upgrade.
account_454,Account 454 Inc.,LATAM,157218,"Seeking expertise in DevOps. Also interested in solutions for Cloud Computing, AI/ML, Cybersecurity. "
account_455,Account 455 Inc.,APAC,184362,Seeking expertise in IoT. Key project involves digital transformation and infrastructure upgrade.
account_456,Account 456 Inc.,APAC,1634441,Seeking expertise in Cybersecurity. Key project involves digital transformation and infrastructure upgrade.
account_457,Account 457 Inc.,LATAM,338734,Seeking expertise in DevOps. Also interested in solutions for IoT. 
account_458,Account 458 Inc.,LATAM,1046943,Seeking expertise in CRM Solutions. Key project involves digital transformation and infrastructure upgrade.
account_459,Account 459 Inc.,EMEA,961169,Seeking expertise in AI/ML. Key project involves digital transformation and infrastructure upgrade.
account_460,Account 460 Inc.,EMEA,1231424,Seeking expertise in Cloud Computing. 
account_461,Account 461 Inc.,APAC,844182,Seeking expertise in IoT. Also interested in solutions for Cybersecurity. 
account_462,Account 462 Inc.,LATAM,707336,Seeking expertise in Cloud Computing. Also interested in solutions for AI/ML. Key project involves digital transformation and infrastructure upgrade.
account_463,Account 463 Inc.,EMEA,663186,Seeking expertise in Data Analytics. Also interested in solutions for IoT. Key project involves digital transformation and infrastructure upgrade.
account_464,Account 464 Inc.,LATAM,342568,Seeking expertise in CRM Solutions. 
account_465,Account 465 Inc.,LATAM,983513,"Seeking expertise in Data Analytics. Also interested in solutions for CRM Solutions, Cybersecurity. "
account_466,Account 466 Inc.,APAC,957249,"Seeking expertise in IoT. Also interested in solutions for Data Analytics, AI/ML. Key project involves digital transformation and infrastructure upgrade."
account_467,Account 467 Inc.,EMEA,851741,Seeking expertise in IoT. Also interested in solutions for Cybersecurity. Key project involves digital transformation and infrastructure upgrade.
account_468,Account 468 Inc.,EMEA,695617,"Seeking expertise in Data Analytics. Also interested in solutions for DevOps, IoT, CRM Solutions. "
account_469,Account 469 Inc.,EMEA,289761,Seeking expertise in DevOps. Also interested in solutions for CRM Solutions. Key project involves digital transformation and infrastructure upgrade.
account_470,Account 470 Inc.,North America,940156,"Seeking expertise in IoT. Also interested in solutions for Cloud Computing, CRM Solutions. "
account_471,Account 471 Inc.,North America,654474,Seeking expertise in ERP Systems. Key project involves digital transformation and infrastructure upgrade.
account_472,Account 472 Inc.,North America,849531,"Seeking expertise in CRM Solutions. Also interested in solutions for Data Analytics, Cybersecurity. "
account_473,Account 473 Inc.,EMEA,928510,Seeking expertise in IoT. Also interested in solutions for Cloud Computing. 
account_474,Account 474 Inc.,North America,1750131,"Seeking expertise in AI/ML. Also interested in solutions for ERP Systems, Cybersecurity. Key project involves digital transformation and infrastructure upgrade."
account_475,Account 475 Inc.,North America,1749541,"Seeking expertise in IoT. Also interested in solutions for AI/ML, Cloud Computing, ERP Systems. "
account_476,Account 476 Inc.,APAC,1823274,Seeking expertise in Cybersecurity. 
account_477,Account 477 Inc.,APAC,1281199,Seeking expertise in Data Analytics. Also interested in solutions for ERP Systems. Key project involves digital transformation and infrastructure upgrade.
account_478,Account 478 Inc.,EMEA,1957046,Seeking expertise in Cybersecurity. Key project involves digital transformation and infrastructure upgrade.
account_479,Account 479 Inc.,APAC,1972403,Seeking expertise in IoT. Also interested in solutions for AI/ML. Key project involves digital transformation and infrastructure upgrade.
account_480,Account 480 Inc.,APAC,199423,"Seeking expertise in AI/ML. Also interested in solutions for IoT, DevOps, CRM Solutions. Key project involves digital transformation and infrastructure upgrade."
account_481,Account 481 Inc.,APAC,616840,"Seeking expertise in ERP Systems. Also interested in solutions for CRM Solutions, AI/ML. "
account_482,Account 482 Inc.,North America,840940,"Seeking expertise in IoT. Also interested in solutions for Data Analytics, Cybersecurity. Key project involves digital transformation and infrastructure upgrade."
account_483,Account 483 Inc.,EMEA,1572037,"Seeking expertise in CRM Solutions. Also interested in solutions for ERP Systems, AI/ML. Key project involves digital transformation and infrastructure upgrade."
account_484,Account 484 Inc.,EMEA,1739224,Seeking expertise in AI/ML. Key project involves digital transformation and infrastructure upgrade.
account_485,Account 485 Inc.,North America,1931524,Seeking expertise in Cloud Computing. Key project involves digital transformation and infrastructure upgrade.
account_486,Account 486 Inc.,APAC,1975940,"Seeking expertise in Cloud Computing. Also interested in solutions for Data Analytics, Cybersecurity. "
account_487,Account 487 Inc.,EMEA,1225843,Seeking expertise in Cybersecurity. Also interested in solutions for ERP Systems. Key project involves digital transformation and infrastructure upgrade.
account_488,Account 488 Inc.,EMEA,1424549,"Seeking expertise in ERP Systems. Also interested in solutions for Data Analytics, IoT, CRM Solutions. "
account_489,Account 489 Inc.,North America,174068,Seeking expertise in Cybersecurity. 
account_490,Account 490 Inc.,North America,437948,Seeking expertise in Cybersecurity. Also interested in solutions for ERP Systems. 
account_491,Account 491 Inc.,APAC,1133457,"Seeking expertise in CRM Solutions. Also interested in solutions for ERP Systems, Cybersecurity. "
account_492,Account 492 Inc.,LATAM,1580959,"Seeking expertise in Data Analytics. Also interested in solutions for Cloud Computing, IoT, CRM Solutions. "
account_493,Account 493 Inc.,EMEA,628194,"Seeking expertise in DevOps. Also interested in solutions for Cloud Computing, Cybersecurity, CRM Solutions. "
account_494,Account 494 Inc.,EMEA,1816926,Seeking expertise in Cloud Computing. Key project involves digital transformation and infrastructure upgrade.
account_495,Account 495 Inc.,North America,1990210,"Seeking expertise in DevOps. Also interested in solutions for ERP Systems, AI/ML, IoT. "
account_496,Account 496 Inc.,LATAM,1117805,"Seeking expertise in Cybersecurity. Also interested in solutions for DevOps, Cloud Computing. "
account_497,Account 497 Inc.,APAC,330279,Seeking expertise in Cybersecurity. Also interested in solutions for Data Analytics. 
account_498,Account 498 Inc.,North America,545850,Seeking expertise in Cloud Computing. 
account_499,Account 499 Inc.,LATAM,979493,"Seeking expertise in IoT. Also interested in solutions for Cybersecurity, DevOps. "
